DT_GERACAO;HH_GERACAO;CD_PLEITO;SG_UF;CD_MUNICIPIO;NM_MUNICIPIO;NR_ZONA;NR_URNA_ESPERADA;CD_CARGA_URNA_ESPERADA;CD_FLASHCARD_URNA_ESPERADA;DT_CARGA_URNA_ESPERADA;ST_CORRESP_ALTERADA
27/10/2018;14:41:59;229;AC;1570;ASSIS BRASIL;6;1176959;1,53681E+23;23C345C4;27/09/2018 09:49;*
27/10/2018;14:41:59;229;AC;1570;ASSIS BRASIL;6;1175789;3,25398E+23;23C345C4;27/09/2018 11:49;*
27/10/2018;14:41:59;229;AC;1570;ASSIS BRASIL;6;1174553;2,4459E+23;23C345C4;27/09/2018 09:41;*
27/10/2018;14:41:59;229;AC;1570;ASSIS BRASIL;6;1105693;9,71864E+23;23C345C4;27/09/2018 11:38;*
27/10/2018;14:41:59;229;AC;1570;ASSIS BRASIL;6;1104820;7,09137E+23;23C345C4;27/09/2018 10:52;*
27/10/2018;14:41:59;229;AC;1570;ASSIS BRASIL;6;1101091;5,07117E+23;23C345C4;27/09/2018 10:44;*
27/10/2018;14:41:59;229;AC;1570;ASSIS BRASIL;6;1072106;7,90046E+23;23C345C4;27/09/2018 11:28;*
27/10/2018;14:41:59;229;AC;1570;ASSIS BRASIL;6;1071674;5,77824E+23;23C345C4;27/09/2018 10:38;*
27/10/2018;14:41:59;229;AC;1554;MANOEL URBANO;3;1107252;3,97472E+23;67F57686;26/09/2018 17:57;*
27/10/2018;14:41:59;229;AC;1554;MANOEL URBANO;3;1106174;3,67169E+23;67F57686;26/09/2018 18:07;*
27/10/2018;14:41:59;229;AC;1554;MANOEL URBANO;3;1105834;6,90403E+23;67F57686;26/09/2018 17:43;*
27/10/2018;14:41:59;229;AC;1554;MANOEL URBANO;3;1104778;6,80302E+23;67F57686;20/10/2018 14:41;*
27/10/2018;14:41:59;229;AC;1554;MANOEL URBANO;3;1104748;4,98482E+23;67F57686;27/09/2018 15:03;*
27/10/2018;14:41:59;229;AC;1554;MANOEL URBANO;3;1104381;6,09594E+23;67F57686;26/09/2018 18:12;*
27/10/2018;14:41:59;229;AC;1554;MANOEL URBANO;3;1104090;1,04543E+23;67F57686;21/10/2018 10:41;*
27/10/2018;14:41:59;229;AC;1554;MANOEL URBANO;3;1103250;7,81312E+23;67F57686;21/10/2018 10:10;*
27/10/2018;14:41:59;229;AC;1554;MANOEL URBANO;3;1101968;5,38887E+23;67F57686;27/09/2018 14:53;*
27/10/2018;14:41:59;229;AC;1554;MANOEL URBANO;3;1101393;4,88381E+23;67F57686;26/09/2018 18:20;*
27/10/2018;14:41:59;229;AC;1554;MANOEL URBANO;3;1101320;9,44421E+22;67F57686;26/09/2018 18:02;*
27/10/2018;14:41:59;229;AC;1554;MANOEL URBANO;3;1056154;6,602E+23;67F57686;27/09/2018 11:39;*
27/10/2018;14:41:59;229;AC;1554;MANOEL URBANO;3;1015902;2,35856E+23;67F57686;20/10/2018 11:01;*
27/10/2018;14:41:59;229;AC;1554;MANOEL URBANO;3;1015704;7,51009E+23;67F57686;26/09/2018 17:48;*
27/10/2018;14:41:59;229;AC;1554;MANOEL URBANO;3;1009099;1,55048E+23;67F57686;26/09/2018 17:53;*
27/10/2018;14:41:59;229;AC;1554;MANOEL URBANO;3;1005748;3,06563E+23;67F57686;20/10/2018 14:21;*
27/10/2018;14:41:59;229;AC;1538;SENADOR GUIOMARD;8;1193722;3,78625E+23;C050F90C;27/09/2018 10:57;*
27/10/2018;14:41:59;229;AC;1538;SENADOR GUIOMARD;8;1192281;2,67514E+23;C050F90C;27/09/2018 10:28;*
27/10/2018;14:41:59;229;AC;1538;SENADOR GUIOMARD;8;1106834;3,78625E+23;E58BAE0F;27/09/2018 10:09;*
27/10/2018;14:41:59;229;AC;1538;SENADOR GUIOMARD;8;1106451;6,00949E+23;C050F90C;27/09/2018 10:45;*
27/10/2018;14:41:59;229;AC;1538;SENADOR GUIOMARD;8;1105398;3,48322E+23;C050F90C;27/09/2018 10:12;*
27/10/2018;14:41:59;229;AC;1538;SENADOR GUIOMARD;8;1104882;8,73676E+23;E58BAE0F;27/09/2018 10:52;*
27/10/2018;14:41:59;229;AC;1538;SENADOR GUIOMARD;8;1104488;9,74686E+23;C050F90C;27/09/2018 10:11;*
27/10/2018;14:41:59;229;AC;1538;SENADOR GUIOMARD;8;1103744;1,96807E+23;E58BAE0F;27/09/2018 10:58;*
27/10/2018;14:41:59;229;AC;1538;SENADOR GUIOMARD;8;1103190;8,02969E+23;C050F90C;27/09/2018 10:23;*
27/10/2018;14:41:59;229;AC;1538;SENADOR GUIOMARD;8;1103013;3,58423E+23;C050F90C;27/09/2018 10:34;*
27/10/2018;14:41:59;229;AC;1538;SENADOR GUIOMARD;8;1101730;6,1105E+23;C050F90C;27/09/2018 10:40;*
27/10/2018;14:41:59;229;AC;1538;SENADOR GUIOMARD;8;1101701;8,43373E+23;E58BAE0F;27/09/2018 10:38;*
27/10/2018;14:41:59;229;AC;1538;SENADOR GUIOMARD;8;1101418;8,93878E+23;E58BAE0F;27/09/2018 10:15;*
27/10/2018;14:41:59;229;AC;1538;SENADOR GUIOMARD;8;1099189;5,54931E+22;E58BAE0F;27/09/2018 10:31;*
27/10/2018;14:41:59;229;AC;1538;SENADOR GUIOMARD;8;1081344;4,988E+21;C050F90C;27/09/2018 10:17;*
27/10/2018;14:41:59;229;AC;1538;SENADOR GUIOMARD;8;1079784;3,78625E+23;E58BAE0F;27/09/2018 10:45;*
27/10/2018;14:41:59;229;AC;1538;SENADOR GUIOMARD;8;1014767;2,87716E+23;E58BAE0F;27/09/2018 10:20;*
27/10/2018;14:41:59;229;AC;1538;SENADOR GUIOMARD;8;1009938;7,32262E+23;C050F90C;27/09/2018 10:51;*
27/10/2018;14:41:59;229;AC;1511;PLÁCIDO DE CASTRO;8;1211566;5,72146E+23;A38EE9E5;26/09/2018 13:41;*
27/10/2018;14:41:59;229;AC;1511;PLÁCIDO DE CASTRO;8;1211221;1,6589E+22;A38EE9E5;27/09/2018 10:46;*
27/10/2018;14:41:59;229;AC;1511;PLÁCIDO DE CASTRO;8;1195253;6,48801E+21;A38EE9E5;26/09/2018 13:58;*
27/10/2018;14:41:59;229;AC;1511;PLÁCIDO DE CASTRO;8;1163039;4,00428E+23;3EE74041;27/09/2018 11:05;*
27/10/2018;14:41:59;229;AC;1511;PLÁCIDO DE CASTRO;8;1105945;7,94368E+23;3EE74041;26/09/2018 13:42;*
27/10/2018;14:41:59;229;AC;1511;PLÁCIDO DE CASTRO;8;1104870;7,53964E+23;3EE74041;26/09/2018 13:54;*
27/10/2018;14:41:59;229;AC;1511;PLÁCIDO DE CASTRO;8;1104794;7,33762E+23;A38EE9E5;26/09/2018 14:24;*
27/10/2018;14:41:59;229;AC;1511;PLÁCIDO DE CASTRO;8;1103627;4,71135E+23;3EE74041;26/09/2018 13:33;*
27/10/2018;14:41:59;229;AC;1511;PLÁCIDO DE CASTRO;8;1103259;5,1154E+23;3EE74041;27/09/2018 10:46;*
27/10/2018;14:41:59;229;AC;1511;PLÁCIDO DE CASTRO;8;1101288;5,82247E+23;3EE74041;26/09/2018 13:27;*
27/10/2018;14:41:59;229;AC;1511;PLÁCIDO DE CASTRO;8;1100816;4,71135E+23;A38EE9E5;27/09/2018 10:53;*
27/10/2018;14:41:59;229;AC;1511;PLÁCIDO DE CASTRO;8;1077144;2,58913E+23;A38EE9E5;26/09/2018 14:06;*
27/10/2018;14:41:59;229;AC;1511;PLÁCIDO DE CASTRO;8;1070975;3,09418E+23;3EE74041;26/09/2018 13:47;*
27/10/2018;14:41:59;229;AC;1511;PLÁCIDO DE CASTRO;8;1033699;4,10529E+23;A38EE9E5;26/09/2018 13:52;*
27/10/2018;14:41:59;229;AC;1511;PLÁCIDO DE CASTRO;8;1031579;8,24671E+23;3EE74041;26/09/2018 14:14;*
27/10/2018;14:41:59;229;AC;1511;PLÁCIDO DE CASTRO;8;1010083;1,57903E+23;3EE74041;26/09/2018 14:00;*
27/10/2018;14:41:59;229;AC;1490;XAPURI;2;1192839;2,15743E+23;8A75AE2D;28/09/2018 15:15;*
27/10/2018;14:41:59;229;AC;1490;XAPURI;2;1190764;8,01603E+23;8A75AE2D;28/09/2018 14:14;*
27/10/2018;14:41:59;229;AC;1490;XAPURI;2;1179059;3,67258E+23;8A75AE2D;28/09/2018 14:51;*
27/10/2018;14:41:59;229;AC;1490;XAPURI;2;1159859;3,97561E+23;8A75AE2D;28/09/2018 15:53;*
27/10/2018;14:41:59;229;AC;1490;XAPURI;2;1136941;1,45036E+23;2C4E4BF6;28/09/2018 15:11;*
27/10/2018;14:41:59;229;AC;1490;XAPURI;2;1106789;5,59178E+23;2C4E4BF6;28/09/2018 15:02;*
27/10/2018;14:41:59;229;AC;1490;XAPURI;2;1105850;5,41271E+22;8A75AE2D;28/09/2018 15:25;*
27/10/2018;14:41:59;229;AC;1490;XAPURI;2;1104876;2,76349E+23;2C4E4BF6;28/09/2018 14:41;*
27/10/2018;14:41:59;229;AC;1490;XAPURI;2;1104873;5,49077E+23;8A75AE2D;28/09/2018 14:58;*
27/10/2018;14:41:59;229;AC;1490;XAPURI;2;1104407;7,81401E+23;8A75AE2D;28/09/2018 14:31;*
27/10/2018;14:41:59;229;AC;1490;XAPURI;2;1103319;8,44301E+22;2C4E4BF6;28/09/2018 14:48;*
27/10/2018;14:41:59;229;AC;1490;XAPURI;2;1103082;3,67258E+23;2C4E4BF6;28/09/2018 14:58;*
27/10/2018;14:41:59;229;AC;1490;XAPURI;2;1024892;1,3723E+22;8A75AE2D;28/09/2018 14:45;*
27/10/2018;14:41:59;229;AC;1490;XAPURI;2;1023814;1,8544E+23;8A75AE2D;28/09/2018 14:37;*
27/10/2018;14:41:59;229;AC;1490;XAPURI;2;1014927;8,92512E+23;8A75AE2D;28/09/2018 15:10;*
27/10/2018;14:41:59;229;AC;1490;XAPURI;2;1011077;3,16753E+23;2C4E4BF6;28/09/2018 15:22;*
27/10/2018;14:41:59;229;AC;1473;TARAUACÁ;5;1205955;7,01126E+23;5EC4D04A;27/09/2018 18:14;*
27/10/2018;14:41:59;229;AC;1473;TARAUACÁ;5;1193993;2,36478E+23;0C3BC33C;27/09/2018 17:31;*
27/10/2018;14:41:59;229;AC;1473;TARAUACÁ;5;1193832;5,39409E+23;C044759D;27/09/2018 18:01;*
27/10/2018;14:41:59;229;AC;1473;TARAUACÁ;5;1193725;2,16276E+23;C044759D;27/09/2018 15:55;*
27/10/2018;14:41:59;229;AC;1473;TARAUACÁ;5;1192427;3,37488E+23;C044759D;28/09/2018 09:13;*
27/10/2018;14:41:59;229;AC;1473;TARAUACÁ;5;1188929;5,90015E+23;0C3BC33C;27/09/2018 18:05;*
27/10/2018;14:41:59;229;AC;1473;TARAUACÁ;5;1181920;5,4951E+23;6F3A5A0A;27/09/2018 17:38;*
27/10/2018;14:41:59;229;AC;1473;TARAUACÁ;5;1176830;1,96074E+23;0C3BC33C;28/09/2018 10:06;*
27/10/2018;14:41:59;229;AC;1473;TARAUACÁ;5;1175732;8,4254E+23;C044759D;27/09/2018 17:25;*
27/10/2018;14:41:59;229;AC;1473;TARAUACÁ;5;1125005;9,4355E+23;5EC4D04A;27/09/2018 17:25;*
27/10/2018;14:41:59;229;AC;1473;TARAUACÁ;5;1104682;5,4951E+23;6F3A5A0A;27/09/2018 17:43;*
27/10/2018;14:41:59;229;AC;1473;TARAUACÁ;5;1104019;7,48621E+22;C044759D;27/09/2018 17:49;*
27/10/2018;14:41:59;229;AC;1473;TARAUACÁ;5;1103982;4,586E+23;5EC4D04A;27/09/2018 18:07;*
27/10/2018;14:41:59;229;AC;1473;TARAUACÁ;5;1098196;4,99004E+23;0C3BC33C;28/09/2018 09:14;*
27/10/2018;14:41:59;229;AC;1473;TARAUACÁ;5;1088716;9,73853E+23;C044759D;27/09/2018 17:37;*
27/10/2018;14:41:59;229;AC;1473;TARAUACÁ;5;1077944;4,18296E+23;5EC4D04A;27/09/2018 18:02;*
27/10/2018;14:41:59;229;AC;1473;TARAUACÁ;5;1075898;2,26377E+23;0C3BC33C;27/09/2018 17:25;*
27/10/2018;14:41:59;229;AC;1473;TARAUACÁ;5;1069630;3,67791E+23;6F3A5A0A;27/09/2018 16:35;*
27/10/2018;14:41:59;229;AC;1473;TARAUACÁ;5;1067325;5,4951E+23;0C3BC33C;28/09/2018 09:09;*
27/10/2018;14:41:59;229;AC;1473;TARAUACÁ;5;1065029;2,06175E+23;5EC4D04A;28/09/2018 09:09;*
27/10/2018;14:41:59;229;AC;1473;TARAUACÁ;5;1061397;4,28397E+23;6F3A5A0A;27/09/2018 17:32;*
27/10/2018;14:41:59;229;AC;1473;TARAUACÁ;5;1032962;5,29308E+23;6F3A5A0A;27/09/2018 17:49;*
27/10/2018;14:41:59;229;AC;1473;TARAUACÁ;5;1032952;1,75872E+23;6F3A5A0A;27/09/2018 18:07;*
27/10/2018;14:41:59;229;AC;1473;TARAUACÁ;5;1031468;7,01126E+23;6F3A5A0A;27/09/2018 18:01;*
27/10/2018;14:41:59;229;AC;1473;TARAUACÁ;5;1031233;3,67791E+23;C044759D;27/09/2018 18:07;*
27/10/2018;14:41:59;229;AC;1473;TARAUACÁ;5;1031016;9,73853E+23;0C3BC33C;27/09/2018 16:35;*
27/10/2018;14:41:59;229;AC;1473;TARAUACÁ;5;1029702;3,98094E+23;6F3A5A0A;28/09/2018 09:09;*
27/10/2018;14:41:59;229;AC;1473;TARAUACÁ;5;1029384;9,53651E+23;6F3A5A0A;28/09/2018 09:18;*
27/10/2018;14:41:59;229;AC;1473;TARAUACÁ;5;1023710;7,81934E+23;6F3A5A0A;27/09/2018 17:25;*
27/10/2018;14:41:59;229;AC;1473;TARAUACÁ;5;1015369;3,37488E+23;0C3BC33C;27/09/2018 17:56;*
27/10/2018;14:41:59;229;AC;1473;TARAUACÁ;5;1014434;1,65771E+23;5EC4D04A;28/09/2018 09:18;*
27/10/2018;14:41:59;229;AC;1473;TARAUACÁ;5;1013731;6,20318E+23;C044759D;27/09/2018 16:47;*
27/10/2018;14:41:59;229;AC;1473;TARAUACÁ;5;1013233;6,10217E+23;C044759D;28/09/2018 09:09;*
27/10/2018;14:41:59;229;AC;1473;TARAUACÁ;5;1012959;3,47589E+23;6F3A5A0A;27/09/2018 17:55;*
27/10/2018;14:41:59;229;AC;1473;TARAUACÁ;5;1009660;2,97084E+23;0C3BC33C;27/09/2018 17:43;*
27/10/2018;14:41:59;229;AC;1473;TARAUACÁ;5;1008914;9,63752E+23;0C3BC33C;27/09/2018 17:49;*
27/10/2018;14:41:59;229;AC;1457;SENA MADUREIRA;3;1142983;8,13615E+23;AD541B52;26/09/2018 14:41;*
27/10/2018;14:41:59;229;AC;1457;SENA MADUREIRA;3;1114304;9,75231E+23;AD541B52;26/09/2018 15:15;*
27/10/2018;14:41:59;229;AC;1457;SENA MADUREIRA;3;1106701;9,34827E+23;C6886884;26/09/2018 18:01;*
27/10/2018;14:41:59;229;AC;1457;SENA MADUREIRA;3;1103850;8,84322E+23;C6886884;26/09/2018 17:29;*
27/10/2018;14:41:59;229;AC;1457;SENA MADUREIRA;3;1102838;4,7028E+23;C6886884;26/09/2018 15:47;*
27/10/2018;14:41:59;229;AC;1457;SENA MADUREIRA;3;1102833;5,20786E+23;AD541B52;26/09/2018 18:17;*
27/10/2018;14:41:59;229;AC;1457;SENA MADUREIRA;3;1102722;1,67149E+23;C6886884;26/09/2018 15:41;*
27/10/2018;14:41:59;229;AC;1457;SENA MADUREIRA;3;1102507;4,80381E+23;C6886884;26/09/2018 18:19;*
27/10/2018;14:41:59;229;AC;1457;SENA MADUREIRA;3;1102472;2,88361E+23;C6886884;26/09/2018 16:08;*
27/10/2018;14:41:59;229;AC;1457;SENA MADUREIRA;3;1094638;5,91493E+23;AD541B52;26/09/2018 15:20;*
27/10/2018;14:41:59;229;AC;1457;SENA MADUREIRA;3;1080147;7,22706E+23;AD541B52;26/09/2018 18:12;*
27/10/2018;14:41:59;229;AC;1457;SENA MADUREIRA;3;1078853;2,88361E+23;C6886884;26/09/2018 17:12;*
27/10/2018;14:41:59;229;AC;1457;SENA MADUREIRA;3;1078246;3,69169E+23;AD541B52;26/09/2018 15:06;*
27/10/2018;14:41:59;229;AC;1457;SENA MADUREIRA;3;1069730;2,68159E+23;C6886884;26/09/2018 16:02;*
27/10/2018;14:41:59;229;AC;1457;SENA MADUREIRA;3;1057136;8,23716E+23;AD541B52;26/09/2018 18:08;*
27/10/2018;14:41:59;229;AC;1457;SENA MADUREIRA;3;1023799;3,69169E+23;C6886884;26/09/2018 17:07;*
27/10/2018;14:41:59;229;AC;1457;SENA MADUREIRA;3;1023712;4,7028E+23;AD541B52;26/09/2018 15:01;*
27/10/2018;14:41:59;229;AC;1457;SENA MADUREIRA;3;1014594;8,13615E+23;C6886884;26/09/2018 15:54;*
27/10/2018;14:41:59;229;AC;1392;RIO BRANCO;9;1510019;5,70457E+23;B761998C;30/09/2018 15:26;*
27/10/2018;14:41:59;229;AC;1392;RIO BRANCO;9;1224914;7,42174E+23;1DA4648F;30/09/2018 18:01;*
27/10/2018;14:41:59;229;AC;1392;RIO BRANCO;9;1211569;5,40154E+23;1DA4648F;30/09/2018 17:08;*
27/10/2018;14:41:59;229;AC;1392;RIO BRANCO;9;1211281;1,76416E+23;584831CE;30/09/2018 18:23;*
27/10/2018;14:41:59;229;AC;1392;RIO BRANCO;9;1211273;1,76416E+23;921BFFA5;30/09/2018 15:03;*
27/10/2018;14:41:59;229;AC;1392;RIO BRANCO;9;1210680;3,98638E+23;B9BABA30;30/09/2018 18:07;*
27/10/2018;14:41:59;229;AC;1392;RIO BRANCO;9;1194963;4,59244E+23;F7CDDE5D;30/09/2018 16:17;*
27/10/2018;14:41:59;229;AC;1392;RIO BRANCO;9;1194311;9,56081E+22;FADB1606;30/09/2018 18:04;*
27/10/2018;14:41:59;229;AC;1392;RIO BRANCO;9;1185324;4,49143E+23;4741240A;30/09/2018 18:32;*
27/10/2018;14:41:59;229;AC;1392;RIO BRANCO;9;1176510;1,86517E+23;1DA4648F;30/09/2018 16:12;*
27/10/2018;14:41:59;229;AC;1392;RIO BRANCO;9;1170498;8,22982E+23;921BFFA5;30/09/2018 17:07;*
27/10/2018;14:41:59;229;AC;1392;RIO BRANCO;9;1170293;4,1884E+23;1DA4648F;30/09/2018 18:11;*
27/10/2018;14:41:59;229;AC;1392;RIO BRANCO;9;1126066;4,69345E+23;4741240A;30/09/2018 18:14;*
27/10/2018;14:41:59;229;AC;1392;RIO BRANCO;9;1125050;4,89547E+23;2F642622;30/09/2018 18:04;*
27/10/2018;14:41:59;229;AC;1392;RIO BRANCO;9;1106906;3,48133E+23;921BFFA5;30/09/2018 15:19;*
27/10/2018;14:41:59;229;AC;1392;RIO BRANCO;9;1106784;3,58234E+23;584831CE;30/09/2018 17:51;*
27/10/2018;14:41:59;229;AC;1392;RIO BRANCO;9;1106707;1,46113E+23;B9BABA30;30/09/2018 18:32;*
27/10/2018;14:41:59;229;AC;1392;RIO BRANCO;9;1106421;8,22982E+23;F7CDDE5D;30/09/2018 17:51;*
27/10/2018;14:41:59;229;AC;1392;RIO BRANCO;9;1106227;7,54061E+22;1DA4648F;30/09/2018 17:51;*
27/10/2018;14:41:59;229;AC;1392;RIO BRANCO;9;1106099;3,48133E+23;F7CDDE5D;30/09/2018 18:32;*
27/10/2018;14:41:59;229;AC;1392;RIO BRANCO;9;1105961;2,06719E+23;B761998C;30/09/2018 17:17;*
27/10/2018;14:41:59;229;AC;1392;RIO BRANCO;9;1105922;7,32073E+23;921BFFA5;30/09/2018 18:23;*
27/10/2018;14:41:59;229;AC;1392;RIO BRANCO;9;1105888;2,47123E+23;272F5227;30/09/2018 16:51;*
27/10/2018;14:41:59;229;AC;1392;RIO BRANCO;9;1105849;8,22982E+23;921BFFA5;30/09/2018 17:51;*
27/10/2018;14:41:59;229;AC;1392;RIO BRANCO;9;1105750;8,93689E+23;F7CDDE5D;30/09/2018 16:42;*
27/10/2018;14:41:59;229;AC;1392;RIO BRANCO;9;1105695;2,77426E+23;FADB1606;30/09/2018 18:34;*
27/10/2018;14:41:59;229;AC;1392;RIO BRANCO;9;1105690;8,63386E+23;921BFFA5;30/09/2018 17:19;*
27/10/2018;14:41:59;229;AC;1392;RIO BRANCO;9;1105669;9,64396E+23;272F5227;30/09/2018 16:17;*
27/10/2018;14:41:59;229;AC;1392;RIO BRANCO;9;1105326;2,77426E+23;B761998C;30/09/2018 17:08;*
27/10/2018;14:41:59;229;AC;1392;RIO BRANCO;9;1105316;2,4901E+22;2F642622;30/09/2018 18:24;*
27/10/2018;14:41:59;229;AC;1392;RIO BRANCO;9;1105267;8,55071E+22;2F642622;30/09/2018 17:41;*
27/10/2018;14:41:59;229;AC;1392;RIO BRANCO;9;1105047;3,58234E+23;F7CDDE5D;30/09/2018 18:11;*
27/10/2018;14:41:59;229;AC;1392;RIO BRANCO;9;1105028;9,0379E+23;FADB1606;30/09/2018 17:13;*
27/10/2018;14:41:59;229;AC;1392;RIO BRANCO;9;1104941;8,12881E+23;584831CE;30/09/2018 17:17;*
27/10/2018;14:41:59;229;AC;1392;RIO BRANCO;9;1104902;5,80558E+23;584831CE;30/09/2018 16:42;*
27/10/2018;14:41:59;229;AC;1392;RIO BRANCO;9;1104860;9,74497E+23;F7CDDE5D;30/09/2018 16:51;*
27/10/2018;14:41:59;229;AC;1392;RIO BRANCO;9;1104796;7,92679E+23;F7CDDE5D;30/09/2018 15:15;*
27/10/2018;14:41:59;229;AC;1392;RIO BRANCO;9;1104772;9,74497E+23;F7CDDE5D;30/09/2018 18:22;*
27/10/2018;14:41:59;229;AC;1392;RIO BRANCO;9;1104690;2,87527E+23;921BFFA5;30/09/2018 16:51;*
27/10/2018;14:41:59;229;AC;1392;RIO BRANCO;9;1104623;1,76416E+23;467DC7B5;30/09/2018 17:54;*
27/10/2018;14:41:59;229;AC;1392;RIO BRANCO;9;1104560;1,86517E+23;584831CE;30/09/2018 18:02;*
27/10/2018;14:41:59;229;AC;1392;RIO BRANCO;9;1104525;1,05709E+23;4741240A;30/09/2018 17:41;*
27/10/2018;14:41:59;229;AC;1392;RIO BRANCO;9;1104486;7,72477E+23;F7CDDE5D;30/09/2018 18:02;*
27/10/2018;14:41:59;229;AC;1392;RIO BRANCO;9;1104439;7,21972E+23;FADB1606;30/09/2018 17:54;*
27/10/2018;14:41:59;229;AC;1392;RIO BRANCO;9;1104279;3,5002E+22;467DC7B5;30/09/2018 18:14;*
27/10/2018;14:41:59;229;AC;1392;RIO BRANCO;9;1104260;5,29952E+23;1DA4648F;30/09/2018 17:17;*
27/10/2018;14:41:59;229;AC;1392;RIO BRANCO;9;1104248;3,68335E+23;584831CE;30/09/2018 17:27;*
27/10/2018;14:41:59;229;AC;1392;RIO BRANCO;9;1104237;2,4901E+22;B9BABA30;30/09/2018 17:54;*
27/10/2018;14:41:59;229;AC;1392;RIO BRANCO;9;1104028;1,48E+22;272F5227;30/09/2018 17:19;*
27/10/2018;14:41:59;229;AC;1392;RIO BRANCO;9;1103958;4,69345E+23;B761998C;30/09/2018 17:51;*
27/10/2018;14:41:59;229;AC;1392;RIO BRANCO;9;1103864;9,0379E+23;272F5227;30/09/2018 18:12;*
27/10/2018;14:41:59;229;AC;1392;RIO BRANCO;9;1103784;3,58234E+23;921BFFA5;30/09/2018 18:01;*
27/10/2018;14:41:59;229;AC;1392;RIO BRANCO;9;1103780;6,61366E+23;B761998C;30/09/2018 17:00;*
27/10/2018;14:41:59;229;AC;1392;RIO BRANCO;9;1103462;3,68335E+23;272F5227;30/09/2018 15:19;*
27/10/2018;14:41:59;229;AC;1392;RIO BRANCO;9;1103438;8,43184E+23;B761998C;30/09/2018 18:01;*
27/10/2018;14:41:59;229;AC;1392;RIO BRANCO;9;1103416;8,73487E+23;584831CE;30/09/2018 17:00;*
27/10/2018;14:41:59;229;AC;1392;RIO BRANCO;9;1103392;5,70457E+23;B9BABA30;30/09/2018 17:13;*
27/10/2018;14:41:59;229;AC;1392;RIO BRANCO;9;1103384;1,86517E+23;F7CDDE5D;30/09/2018 17:27;*
27/10/2018;14:41:59;229;AC;1392;RIO BRANCO;9;1103363;2,57224E+23;F7CDDE5D;30/09/2018 17:18;*
27/10/2018;14:41:59;229;AC;1392;RIO BRANCO;9;1103310;1,76416E+23;B761998C;30/09/2018 16:42;*
27/10/2018;14:41:59;229;AC;1392;RIO BRANCO;9;1103244;8,22982E+23;4741240A;30/09/2018 18:07;*
27/10/2018;14:41:59;229;AC;1392;RIO BRANCO;9;1102846;9,56081E+22;584831CE;30/09/2018 17:08;*
27/10/2018;14:41:59;229;AC;1392;RIO BRANCO;9;1102783;9,44194E+23;272F5227;30/09/2018 17:51;*
27/10/2018;14:41:59;229;AC;1392;RIO BRANCO;9;1102681;7,21972E+23;2F642622;30/09/2018 17:11;*
27/10/2018;14:41:59;229;AC;1392;RIO BRANCO;9;1102518;6,41164E+23;4741240A;30/09/2018 17:54;*
27/10/2018;14:41:59;229;AC;1392;RIO BRANCO;9;1102508;9,23992E+23;1DA4648F;30/09/2018 18:22;*
27/10/2018;14:41:59;229;AC;1392;RIO BRANCO;9;1102478;3,68335E+23;272F5227;30/09/2018 18:23;*
27/10/2018;14:41:59;229;AC;1392;RIO BRANCO;9;1102452;9,34093E+23;1DA4648F;30/09/2018 17:00;*
27/10/2018;14:41:59;229;AC;1392;RIO BRANCO;9;1102389;2,47123E+23;467DC7B5;30/09/2018 18:04;*
27/10/2018;14:41:59;229;AC;1392;RIO BRANCO;9;1102385;9,0379E+23;A1DFB042;30/09/2018 17:54;*
27/10/2018;14:41:59;229;AC;1392;RIO BRANCO;9;1101765;6,81568E+23;921BFFA5;30/09/2018 17:27;*
27/10/2018;14:41:59;229;AC;1392;RIO BRANCO;9;1101666;2,67325E+23;1DA4648F;30/09/2018 16:42;*
27/10/2018;14:41:59;229;AC;1392;RIO BRANCO;9;1101577;3,1783E+23;921BFFA5;30/09/2018 18:12;*
27/10/2018;14:41:59;229;AC;1392;RIO BRANCO;9;1101471;8,53285E+23;B9BABA30;30/09/2018 17:41;*
27/10/2018;14:41:59;229;AC;1392;RIO BRANCO;9;1101461;1,46113E+23;B761998C;30/09/2018 18:12;*
27/10/2018;14:41:59;229;AC;1392;RIO BRANCO;9;1101291;2,77426E+23;2F642622;30/09/2018 18:32;*
27/10/2018;14:41:59;229;AC;1392;RIO BRANCO;9;1101257;6,51265E+23;272F5227;30/09/2018 16:59;*
27/10/2018;14:41:59;229;AC;1392;RIO BRANCO;9;1101160;6,31063E+23;4741240A;30/09/2018 17:48;*
27/10/2018;14:41:59;229;AC;1392;RIO BRANCO;9;1100984;5,19851E+23;1DA4648F;30/09/2018 16:51;*
27/10/2018;14:41:59;229;AC;1392;RIO BRANCO;9;1100844;3,48133E+23;F7CDDE5D;30/09/2018 16:59;*
27/10/2018;14:41:59;229;AC;1392;RIO BRANCO;9;1100726;3,5002E+22;2F642622;30/09/2018 18:14;*
27/10/2018;14:41:59;229;AC;1392;RIO BRANCO;9;1100718;3,5002E+22;272F5227;30/09/2018 16:43;*
27/10/2018;14:41:59;229;AC;1392;RIO BRANCO;9;1100708;8,73487E+23;FADB1606;30/09/2018 17:41;*
27/10/2018;14:41:59;229;AC;1392;RIO BRANCO;9;1100703;9,74497E+23;921BFFA5;30/09/2018 16:59;*
27/10/2018;14:41:59;229;AC;1392;RIO BRANCO;9;1100643;6,10861E+23;B761998C;30/09/2018 16:51;*
27/10/2018;14:41:59;229;AC;1392;RIO BRANCO;9;1100366;7,62376E+23;F7CDDE5D;30/09/2018 14:48;*
27/10/2018;14:41:59;229;AC;1392;RIO BRANCO;9;1099547;2,97628E+23;B761998C;30/09/2018 17:27;*
27/10/2018;14:41:59;229;AC;1392;RIO BRANCO;9;1098849;8,73487E+23;584831CE;30/09/2018 15:00;*
27/10/2018;14:41:59;229;AC;1392;RIO BRANCO;9;1097420;1,66315E+23;272F5227;30/09/2018 17:27;*
27/10/2018;14:41:59;229;AC;1392;RIO BRANCO;9;1097146;2,77426E+23;272F5227;30/09/2018 18:01;*
27/10/2018;14:41:59;229;AC;1392;RIO BRANCO;9;1093375;3,1783E+23;467DC7B5;30/09/2018 17:41;*
27/10/2018;14:41:59;229;AC;1392;RIO BRANCO;9;1089993;4,99648E+23;584831CE;30/09/2018 18:12;*
27/10/2018;14:41:59;229;AC;1392;RIO BRANCO;9;1080431;3,48133E+23;B761998C;30/09/2018 18:23;*
27/10/2018;14:41:59;229;AC;1392;RIO BRANCO;9;1076750;1,48E+22;921BFFA5;30/09/2018 16:17;*
27/10/2018;14:41:59;229;AC;1392;RIO BRANCO;9;1075925;6,41164E+23;1DA4648F;30/09/2018 15:14;*
27/10/2018;14:41:59;229;AC;1392;RIO BRANCO;9;1073083;9,94699E+23;FADB1606;30/09/2018 18:14;*
27/10/2018;14:41:59;229;AC;1392;RIO BRANCO;9;1067708;8,93689E+23;584831CE;30/09/2018 16:51;*
27/10/2018;14:41:59;229;AC;1392;RIO BRANCO;9;1064298;5,30053E+23;272F5227;30/09/2018 17:07;*
27/10/2018;14:41:59;229;AC;1392;RIO BRANCO;9;1042005;4,08739E+23;1DA4648F;30/09/2018 17:27;*
27/10/2018;14:41:59;229;AC;1392;RIO BRANCO;9;1038994;1,96618E+23;1DA4648F;30/09/2018 14:50;*
27/10/2018;14:41:59;229;AC;1392;RIO BRANCO;9;1035967;8,73487E+23;921BFFA5;30/09/2018 16:42;*
27/10/2018;14:41:59;229;AC;1392;RIO BRANCO;9;1031727;9,0379E+23;584831CE;30/09/2018 15:11;*
27/10/2018;14:41:59;229;AC;1392;RIO BRANCO;1;1516042;3,48145E+23;30CE1513;29/09/2018 11:27;*
27/10/2018;14:41:59;229;AC;1392;RIO BRANCO;1;1211083;9,64308E+23;C26018AC;29/09/2018 11:39;*
27/10/2018;14:41:59;229;AC;1392;RIO BRANCO;1;1211066;7,52287E+23;8587790;29/09/2018 11:27;*
27/10/2018;14:41:59;229;AC;1392;RIO BRANCO;1;1210632;3,78448E+23;A84E10AF;29/09/2018 11:26;*
27/10/2018;14:41:59;229;AC;1392;RIO BRANCO;1;1210094;5,60368E+23;A6AA6DD3;29/09/2018 10:57;*
27/10/2018;14:41:59;229;AC;1392;RIO BRANCO;1;1204866;3,48145E+23;A84E10AF;29/09/2018 12:26;*
27/10/2018;14:41:59;229;AC;1392;RIO BRANCO;1;1200271;6,71479E+23;A6AA6DD3;29/09/2018 11:10;*
27/10/2018;14:41:59;229;AC;1392;RIO BRANCO;1;1195313;1,4812E+22;7FEA6467;29/09/2018 11:39;*
27/10/2018;14:41:59;229;AC;1392;RIO BRANCO;1;1194317;1,9663E+23;A84E10AF;29/09/2018 10:23;*
27/10/2018;14:41:59;229;AC;1392;RIO BRANCO;1;1194303;4,89559E+23;B4ED9275;29/09/2018 11:55;*
27/10/2018;14:41:59;229;AC;1392;RIO BRANCO;1;1193967;7,01782E+23;A84E10AF;29/09/2018 11:39;*
27/10/2018;14:41:59;229;AC;1392;RIO BRANCO;1;1193197;4,69357E+23;8587790;29/09/2018 09:52;*
27/10/2018;14:41:59;229;AC;1392;RIO BRANCO;1;1185645;9,56201E+22;889D071C;29/09/2018 11:33;*
27/10/2018;14:41:59;229;AC;1392;RIO BRANCO;1;1178025;9,54207E+23;A84E10AF;29/09/2018 11:50;*
27/10/2018;14:41:59;229;AC;1392;RIO BRANCO;1;1161331;6,91681E+23;4DDD1A3A;29/09/2018 10:23;*
27/10/2018;14:41:59;229;AC;1392;RIO BRANCO;1;1146690;3,48145E+23;A84E10AF;29/09/2018 10:41;*
27/10/2018;14:41:59;229;AC;1392;RIO BRANCO;1;1144109;4,79458E+23;7FEA6467;29/09/2018 12:10;*
27/10/2018;14:41:59;229;AC;1392;RIO BRANCO;1;1142848;4,49155E+23;8587790;29/09/2018 11:48;*
27/10/2018;14:41:59;229;AC;1392;RIO BRANCO;1;1127448;3,68347E+23;30CE1513;29/09/2018 12:11;*
27/10/2018;14:41:59;229;AC;1392;RIO BRANCO;1;1126451;9,56201E+22;889D071C;29/09/2018 11:55;*
27/10/2018;14:41:59;229;AC;1392;RIO BRANCO;1;1123925;4,49155E+23;07E827E0;29/09/2018 11:15;*
27/10/2018;14:41:59;229;AC;1392;RIO BRANCO;1;1107147;4,18852E+23;B4ED9275;29/09/2018 11:35;*
27/10/2018;14:41:59;229;AC;1392;RIO BRANCO;1;1106378;4,79458E+23;7FEA6467;29/09/2018 11:48;*
27/10/2018;14:41:59;229;AC;1392;RIO BRANCO;1;1106327;7,32085E+23;7FEA6467;29/09/2018 12:26;*
27/10/2018;14:41:59;229;AC;1392;RIO BRANCO;1;1106234;1,66327E+23;B4ED9275;29/09/2018 11:17;*
27/10/2018;14:41:59;229;AC;1392;RIO BRANCO;1;1106223;2,4913E+22;4DDD1A3A;29/09/2018 11:27;*
27/10/2018;14:41:59;229;AC;1392;RIO BRANCO;1;1106183;1,25923E+23;8587790;29/09/2018 12:10;*
27/10/2018;14:41:59;229;AC;1392;RIO BRANCO;1;1105895;8,55191E+22;7FEA6467;29/09/2018 10:24;*
27/10/2018;14:41:59;229;AC;1392;RIO BRANCO;1;1105870;1,86529E+23;4DDD1A3A;29/09/2018 11:48;*
27/10/2018;14:41:59;229;AC;1392;RIO BRANCO;1;1105756;3,48145E+23;A84E10AF;29/09/2018 10:56;*
27/10/2018;14:41:59;229;AC;1392;RIO BRANCO;1;1105297;2,37034E+23;C26018AC;29/09/2018 11:27;*
27/10/2018;14:41:59;229;AC;1392;RIO BRANCO;1;1105120;2,9764E+23;8587790;29/09/2018 12:25;*
27/10/2018;14:41:59;229;AC;1392;RIO BRANCO;1;1104880;2,4913E+22;C26018AC;29/09/2018 12:26;*
27/10/2018;14:41:59;229;AC;1392;RIO BRANCO;1;1104865;4,89559E+23;A6AA6DD3;29/09/2018 11:39;*
27/10/2018;14:41:59;229;AC;1392;RIO BRANCO;1;1104848;8,33095E+23;A84E10AF;29/09/2018 12:10;*
27/10/2018;14:41:59;229;AC;1392;RIO BRANCO;1;1104839;4,79458E+23;BC5179B2;29/09/2018 11:44;*
27/10/2018;14:41:59;229;AC;1392;RIO BRANCO;1;1104832;3,07741E+23;7FEA6467;29/09/2018 10:42;*
27/10/2018;14:41:59;229;AC;1392;RIO BRANCO;1;1104777;2,26933E+23;B4ED9275;29/09/2018 12:11;*
27/10/2018;14:41:59;229;AC;1392;RIO BRANCO;1;1104771;4,49155E+23;A6AA6DD3;29/09/2018 12:10;*
27/10/2018;14:41:59;229;AC;1392;RIO BRANCO;1;1104686;9,74409E+23;30CE1513;29/09/2018 12:28;*
27/10/2018;14:41:59;229;AC;1392;RIO BRANCO;1;1104447;6,71479E+23;C26018AC;29/09/2018 11:10;*
27/10/2018;14:41:59;229;AC;1392;RIO BRANCO;1;1104368;1,9663E+23;C26018AC;29/09/2018 11:04;*
27/10/2018;14:41:59;229;AC;1392;RIO BRANCO;1;1104319;7,54181E+22;C26018AC;29/09/2018 10:57;*
27/10/2018;14:41:59;229;AC;1392;RIO BRANCO;1;1104263;8,12893E+23;B4ED9275;29/09/2018 12:20;*
27/10/2018;14:41:59;229;AC;1392;RIO BRANCO;1;1103467;2,67337E+23;4DDD1A3A;29/09/2018 11:10;*
27/10/2018;14:41:59;229;AC;1392;RIO BRANCO;1;1103402;3,5014E+22;A84E10AF;29/09/2018 09:53;*
27/10/2018;14:41:59;229;AC;1392;RIO BRANCO;1;1103378;5,8057E+23;A6AA6DD3;29/09/2018 11:51;*
27/10/2018;14:41:59;229;AC;1392;RIO BRANCO;1;1103369;5,60368E+23;A6AA6DD3;29/09/2018 11:03;*
27/10/2018;14:41:59;229;AC;1392;RIO BRANCO;1;1103201;5,09762E+23;BC5179B2;29/09/2018 12:21;*
27/10/2018;14:41:59;229;AC;1392;RIO BRANCO;1;1103196;3,27943E+23;4DDD1A3A;29/09/2018 12:24;*
27/10/2018;14:41:59;229;AC;1392;RIO BRANCO;1;1102968;2,9764E+23;8587790;29/09/2018 10:17;*
27/10/2018;14:41:59;229;AC;1392;RIO BRANCO;1;1102799;7,21984E+23;C26018AC;29/09/2018 12:17;*
27/10/2018;14:41:59;229;AC;1392;RIO BRANCO;1;1102798;7,01782E+23;A6AA6DD3;29/09/2018 11:27;*
27/10/2018;14:41:59;229;AC;1392;RIO BRANCO;1;1102702;1,86529E+23;8587790;29/09/2018 10:57;*
27/10/2018;14:41:59;229;AC;1392;RIO BRANCO;1;1102627;8,33095E+23;7FEA6467;29/09/2018 10:17;*
27/10/2018;14:41:59;229;AC;1392;RIO BRANCO;1;1102531;3,27943E+23;4DDD1A3A;29/09/2018 11:39;*
27/10/2018;14:41:59;229;AC;1392;RIO BRANCO;1;1102329;1,9663E+23;7FEA6467;29/09/2018 10:57;*
27/10/2018;14:41:59;229;AC;1392;RIO BRANCO;1;1101869;5,40166E+23;8587790;29/09/2018 10:23;*
27/10/2018;14:41:59;229;AC;1392;RIO BRANCO;1;1101524;8,22994E+23;7FEA6467;29/09/2018 11:10;*
27/10/2018;14:41:59;229;AC;1392;RIO BRANCO;1;1101402;7,54181E+22;8587790;29/09/2018 10:38;*
27/10/2018;14:41:59;229;AC;1392;RIO BRANCO;1;1101340;1,86529E+23;A6AA6DD3;29/09/2018 10:23;*
27/10/2018;14:41:59;229;AC;1392;RIO BRANCO;1;1101155;3,17842E+23;4DDD1A3A;29/09/2018 11:04;*
27/10/2018;14:41:59;229;AC;1392;RIO BRANCO;1;1101151;1,76428E+23;889D071C;29/09/2018 12:20;*
27/10/2018;14:41:59;229;AC;1392;RIO BRANCO;1;1100670;4,28953E+23;A6AA6DD3;29/09/2018 12:30;*
27/10/2018;14:41:59;229;AC;1392;RIO BRANCO;1;1100155;5,29964E+23;C26018AC;29/09/2018 10:23;*
27/10/2018;14:41:59;229;AC;1392;RIO BRANCO;1;1100023;2,47135E+23;30CE1513;29/09/2018 11:44;*
27/10/2018;14:41:59;229;AC;1392;RIO BRANCO;1;1099885;3,9865E+23;A6AA6DD3;29/09/2018 10:38;*
27/10/2018;14:41:59;229;AC;1392;RIO BRANCO;1;1099204;4,18852E+23;4DDD1A3A;29/09/2018 10:06;*
27/10/2018;14:41:59;229;AC;1392;RIO BRANCO;1;1098861;7,62388E+23;A84E10AF;29/09/2018 11:10;*
27/10/2018;14:41:59;229;AC;1392;RIO BRANCO;1;1098744;3,17842E+23;7FEA6467;29/09/2018 10:32;*
27/10/2018;14:41:59;229;AC;1392;RIO BRANCO;1;1080146;1,76428E+23;8587790;29/09/2018 11:39;*
27/10/2018;14:41:59;229;AC;1392;RIO BRANCO;1;1077535;8,55191E+22;A84E10AF;29/09/2018 10:18;*
27/10/2018;14:41:59;229;AC;1392;RIO BRANCO;1;1073016;4,49155E+23;889D071C;29/09/2018 12:11;*
27/10/2018;14:41:59;229;AC;1392;RIO BRANCO;1;1071232;2,26933E+23;30CE1513;29/09/2018 12:20;*
27/10/2018;14:41:59;229;AC;1392;RIO BRANCO;1;1070429;8,22994E+23;C26018AC;29/09/2018 12:10;*
27/10/2018;14:41:59;229;AC;1392;RIO BRANCO;1;1067960;6,31075E+23;4DDD1A3A;29/09/2018 12:10;*
27/10/2018;14:41:59;229;AC;1392;RIO BRANCO;1;1067840;3,68347E+23;A6AA6DD3;29/09/2018 12:17;*
27/10/2018;14:41:59;229;AC;1392;RIO BRANCO;1;1040898;1,05721E+23;4B44D79E;29/09/2018 12:29;*
27/10/2018;14:41:59;229;AC;1392;RIO BRANCO;1;1036685;9,74409E+23;C26018AC;29/09/2018 11:51;*
27/10/2018;14:41:59;229;AC;1392;RIO BRANCO;1;1035008;8,33095E+23;7FEA6467;29/09/2018 11:27;*
27/10/2018;14:41:59;229;AC;1392;RIO BRANCO;1;1033915;8,73499E+23;B4ED9275;29/09/2018 11:01;*
27/10/2018;14:41:59;229;AC;1392;RIO BRANCO;1;1033373;7,92691E+23;BC5179B2;29/09/2018 10:59;*
27/10/2018;14:41:59;229;AC;1392;RIO BRANCO;1;1032550;8,02792E+23;07E827E0;29/09/2018 12:10;*
27/10/2018;14:41:59;229;AC;1392;RIO BRANCO;1;1029842;2,87539E+23;7FEA6467;29/09/2018 12:18;*
27/10/2018;14:41:59;229;AC;1392;RIO BRANCO;1;1014994;6,41176E+23;8587790;29/09/2018 11:10;*
27/10/2018;14:41:59;229;AC;1392;RIO BRANCO;1;1014718;5,09762E+23;4DDD1A3A;29/09/2018 10:57;*
27/10/2018;14:41:59;229;AC;1392;RIO BRANCO;1;1013755;4,79458E+23;A84E10AF;29/09/2018 11:03;*
27/10/2018;14:41:59;229;AC;1392;RIO BRANCO;1;1013188;8,33095E+23;C26018AC;29/09/2018 10:41;*
27/10/2018;14:41:59;229;AC;1392;RIO BRANCO;1;1012439;9,03702E+23;4DDD1A3A;29/09/2018 10:42;*
27/10/2018;14:41:59;229;AC;1392;RIO BRANCO;1;1011107;3,58246E+23;C26018AC;29/09/2018 10:09;*
27/10/2018;14:41:59;229;AC;1392;RIO BRANCO;1;1010843;2,77438E+23;889D071C;29/09/2018 12:28;*
27/10/2018;14:41:59;229;AC;1392;RIO BRANCO;1;1008594;5,50267E+23;4B44D79E;29/09/2018 11:16;*
27/10/2018;14:41:59;229;AC;1392;RIO BRANCO;1;1008128;7,8259E+23;A6AA6DD3;29/09/2018 10:18;*
27/10/2018;14:41:59;229;AC;1392;RIO BRANCO;1;1006077;3,9865E+23;7FEA6467;29/09/2018 11:04;*
27/10/2018;14:41:59;229;AC;1392;RIO BRANCO;1;1006059;4,08751E+23;07E827E0;29/09/2018 11:56;*
27/10/2018;14:41:59;229;AC;1392;RIO BRANCO;1;1005701;2,4913E+22;07E827E0;29/09/2018 12:21;*
27/10/2018;14:41:59;229;AC;1139;FEIJÓ;7;1211563;4,87825E+23;99284D25;26/09/2018 17:54;*
27/10/2018;14:41:59;229;AC;1139;FEIJÓ;7;1195553;1,64693E+23;E0F7B3A4;26/09/2018 17:31;*
27/10/2018;14:41:59;229;AC;1139;FEIJÓ;7;1194458;2,65603E+23;DBC8C40F;26/09/2018 17:44;*
27/10/2018;14:41:59;229;AC;1139;FEIJÓ;7;1193724;3,26209E+23;E0F7B3A4;26/09/2018 17:06;*
27/10/2018;14:41:59;229;AC;1139;FEIJÓ;7;1192681;3,338E+22;99284D25;26/09/2018 17:28;*
27/10/2018;14:41:59;229;AC;1139;FEIJÓ;7;1192648;8,01058E+23;E0F7B3A4;26/09/2018 16:22;*
27/10/2018;14:41:59;229;AC;1139;FEIJÓ;7;1178374;8,41462E+23;99284D25;26/09/2018 16:37;*
27/10/2018;14:41:59;229;AC;1139;FEIJÓ;7;1178229;4,17118E+23;99284D25;26/09/2018 16:12;*
27/10/2018;14:41:59;229;AC;1139;FEIJÓ;7;1177711;5,58533E+23;DBC8C40F;26/09/2018 16:12;*
27/10/2018;14:41:59;229;AC;1139;FEIJÓ;7;1176950;2,05097E+23;DBC8C40F;26/09/2018 16:42;*
27/10/2018;14:41:59;229;AC;1139;FEIJÓ;7;1176855;5,68634E+23;E0F7B3A4;26/09/2018 17:51;*
27/10/2018;14:41:59;229;AC;1139;FEIJÓ;7;1118597;5,58533E+23;99284D25;26/09/2018 16:26;*
27/10/2018;14:41:59;229;AC;1139;FEIJÓ;7;1107157;2,45401E+23;166202EE;26/09/2018 17:43;*
27/10/2018;14:41:59;229;AC;1139;FEIJÓ;7;1106210;8,38851E+22;99284D25;26/09/2018 16:49;*
27/10/2018;14:41:59;229;AC;1139;FEIJÓ;7;1102832;9,72775E+23;E0F7B3A4;26/09/2018 15:58;*
27/10/2018;14:41:59;229;AC;1139;FEIJÓ;7;1102575;5,2823E+23;E0F7B3A4;26/09/2018 16:54;*
27/10/2018;14:41:59;229;AC;1139;FEIJÓ;7;1102378;5,38331E+23;DBC8C40F;26/09/2018 17:06;*
27/10/2018;14:41:59;229;AC;1139;FEIJÓ;7;1100888;5,88836E+23;E0F7B3A4;26/09/2018 15:37;*
27/10/2018;14:41:59;229;AC;1139;FEIJÓ;7;1099271;5,08028E+23;166202EE;26/09/2018 17:37;*
27/10/2018;14:41:59;229;AC;1139;FEIJÓ;7;1094781;3,96916E+23;E0F7B3A4;26/09/2018 16:08;*
27/10/2018;14:41:59;229;AC;1139;FEIJÓ;7;1075932;6,59543E+23;E0F7B3A4;26/09/2018 17:44;*
27/10/2018;14:41:59;229;AC;1139;FEIJÓ;7;1070385;7,80856E+23;E0F7B3A4;26/09/2018 15:44;*
27/10/2018;14:41:59;229;AC;1139;FEIJÓ;7;1069744;6,59543E+23;E0F7B3A4;26/09/2018 17:24;*
27/10/2018;14:41:59;229;AC;1139;FEIJÓ;7;1041422;8,61664E+23;DBC8C40F;26/09/2018 16:25;*
27/10/2018;14:41:59;229;AC;1139;FEIJÓ;7;1034477;1,14188E+23;99284D25;26/09/2018 18:02;*
27/10/2018;14:41:59;229;AC;1139;FEIJÓ;7;1031057;9,82876E+23;166202EE;26/09/2018 17:28;*
27/10/2018;14:41:59;229;AC;1139;FEIJÓ;7;1030299;5,78735E+23;DBC8C40F;26/09/2018 17:21;*
27/10/2018;14:41:59;229;AC;1139;FEIJÓ;7;1030292;4,07017E+23;166202EE;26/09/2018 17:22;*
27/10/2018;14:41:59;229;AC;1139;FEIJÓ;7;1028543;1,24289E+23;99284D25;26/09/2018 17:21;*
27/10/2018;14:41:59;229;AC;1139;FEIJÓ;7;1015644;2,3279E+22;99284D25;26/09/2018 17:10;*
27/10/2018;14:41:59;229;AC;1139;FEIJÓ;7;1013234;8,38851E+22;DBC8C40F;26/09/2018 17:51;*
27/10/2018;14:41:59;229;AC;1139;FEIJÓ;7;1008188;2,15198E+23;99284D25;26/09/2018 16:59;*
27/10/2018;14:41:59;229;AC;1139;FEIJÓ;7;1007935;9,02068E+23;DBC8C40F;26/09/2018 17:33;*
27/10/2018;14:41:59;229;AC;1139;FEIJÓ;7;1005715;8,81866E+23;166202EE;26/09/2018 18:00;*
27/10/2018;14:41:59;229;AC;1120;ACRELÂNDIA;8;1211288;1,25E+23;9BDE560F;27/09/2018 11:03;*
27/10/2018;14:41:59;229;AC;1120;ACRELÂNDIA;8;1178041;7,71566E+23;9BDE560F;26/09/2018 13:54;*
27/10/2018;14:41:59;229;AC;1120;ACRELÂNDIA;8;1107263;5,69445E+23;01CBC362;26/09/2018 13:45;*
27/10/2018;14:41:59;229;AC;1120;ACRELÂNDIA;8;1107136;4,58333E+23;01CBC362;27/09/2018 10:49;*
27/10/2018;14:41:59;229;AC;1120;ACRELÂNDIA;8;1107131;9,73586E+23;01CBC362;27/09/2018 11:03;*
27/10/2018;14:41:59;229;AC;1120;ACRELÂNDIA;8;1105026;6,09849E+23;9BDE560F;26/09/2018 13:42;*
27/10/2018;14:41:59;229;AC;1120;ACRELÂNDIA;8;1104978;7,51364E+23;9BDE560F;26/09/2018 13:26;*
27/10/2018;14:41:59;229;AC;1120;ACRELÂNDIA;8;1104967;6,1995E+23;9BDE560F;26/09/2018 13:32;*
27/10/2018;14:41:59;229;AC;1120;ACRELÂNDIA;8;1104960;5,43931E+22;01CBC362;27/09/2018 10:55;*
27/10/2018;14:41:59;229;AC;1120;ACRELÂNDIA;8;1104443;1,65404E+23;9BDE560F;26/09/2018 11:51;*
27/10/2018;14:41:59;229;AC;1120;ACRELÂNDIA;8;1104406;8,32172E+23;9BDE560F;26/09/2018 13:37;*
27/10/2018;14:41:59;229;AC;1120;ACRELÂNDIA;8;1102977;2,2601E+23;9BDE560F;26/09/2018 13:20;*
27/10/2018;14:41:59;229;AC;1120;ACRELÂNDIA;8;1102409;2,2601E+23;01CBC362;26/09/2018 13:51;*
27/10/2018;14:41:59;229;AC;1120;ACRELÂNDIA;8;1101234;8,52374E+23;01CBC362;26/09/2018 13:40;*
27/10/2018;14:41:59;229;AC;1120;ACRELÂNDIA;8;1079723;2,36111E+23;01CBC362;26/09/2018 13:34;*
27/10/2018;14:41:59;229;AC;1120;ACRELÂNDIA;8;1037838;9,43283E+23;9BDE560F;26/09/2018 13:48;*
27/10/2018;14:41:59;229;AC;1120;ACRELÂNDIA;8;1032607;9,83687E+23;9BDE560F;27/09/2018 10:49;*
27/10/2018;14:41:59;229;AC;1120;ACRELÂNDIA;8;1013665;9,83687E+23;01CBC362;26/09/2018 13:15;*
27/10/2018;14:41:59;229;AC;1120;ACRELÂNDIA;8;1010786;6,1995E+23;01CBC362;26/09/2018 13:28;*
27/10/2018;14:41:59;229;AC;1120;ACRELÂNDIA;8;1010413;3,16919E+23;9BDE560F;27/09/2018 10:54;*
27/10/2018;14:41:59;229;AC;1112;EPITACIOLÂNDIA;6;1210339;6,51721E+22;8F74BFE6;27/09/2018 10:52;*
27/10/2018;14:41:59;229;AC;1112;EPITACIOLÂNDIA;6;1194158;9,13658E+23;9C8E851A;27/09/2018 11:50;*
27/10/2018;14:41:59;229;AC;1112;EPITACIOLÂNDIA;6;1193463;7,62143E+23;9C8E851A;27/09/2018 10:52;*
27/10/2018;14:41:59;229;AC;1112;EPITACIOLÂNDIA;6;1177467;1,35879E+23;9C8E851A;27/09/2018 10:37;*
27/10/2018;14:41:59;229;AC;1112;EPITACIOLÂNDIA;6;1107106;8,53052E+23;8F74BFE6;27/09/2018 09:46;*
27/10/2018;14:41:59;229;AC;1112;EPITACIOLÂNDIA;6;1103258;1,4598E+23;8F74BFE6;27/09/2018 10:44;*
27/10/2018;14:41:59;229;AC;1112;EPITACIOLÂNDIA;6;1101289;4,69112E+23;9C8E851A;27/09/2018 10:58;*
27/10/2018;14:41:59;229;AC;1112;EPITACIOLÂNDIA;6;1099883;5,09517E+23;8F74BFE6;27/09/2018 10:38;*
27/10/2018;14:41:59;229;AC;1112;EPITACIOLÂNDIA;6;1080413;3,58001E+23;9C8E851A;27/09/2018 10:44;*
27/10/2018;14:41:59;229;AC;1112;EPITACIOLÂNDIA;6;1079339;9,3386E+23;8F74BFE6;27/09/2018 11:56;*
27/10/2018;14:41:59;229;AC;1112;EPITACIOLÂNDIA;6;1068007;1,05576E+23;8F74BFE6;27/09/2018 11:28;*
27/10/2018;14:41:59;229;AC;1112;EPITACIOLÂNDIA;6;1067499;2,16687E+23;8F74BFE6;27/09/2018 09:51;*
27/10/2018;14:41:59;229;AC;1112;EPITACIOLÂNDIA;6;1013817;5,19618E+23;9C8E851A;27/09/2018 11:28;*
27/10/2018;14:41:59;229;AC;1112;EPITACIOLÂNDIA;6;1003062;3,07596E+23;9C8E851A;27/09/2018 09:41;*
27/10/2018;14:41:59;229;AC;1112;EPITACIOLÂNDIA;6;1000760;2,97495E+23;9C8E851A;27/09/2018 09:49;*
27/10/2018;14:41:59;229;AC;1104;JORDÃO;5;1193321;1,36568E+23;F42CC480;27/09/2018 14:59;*
27/10/2018;14:41:59;229;AC;1104;JORDÃO;5;1072163;8,60631E+22;F42CC480;27/09/2018 15:07;*
27/10/2018;14:41:59;229;AC;1104;JORDÃO;5;1034125;3,99194E+23;F42CC480;27/09/2018 15:13;*
27/10/2018;14:41:59;229;AC;1104;JORDÃO;5;1030935;6,92125E+23;F42CC480;27/09/2018 14:13;*
27/10/2018;14:41:59;229;AC;1104;JORDÃO;5;1030512;6,21418E+23;F42CC480;27/09/2018 16:58;*
27/10/2018;14:41:59;229;AC;1104;JORDÃO;5;1030104;5,70913E+23;F42CC480;27/09/2018 16:50;*
27/10/2018;14:41:59;229;AC;1104;JORDÃO;5;1025629;2,27477E+23;F42CC480;27/09/2018 14:23;*
27/10/2018;14:41:59;229;AC;1104;JORDÃO;5;1023420;1,36568E+23;F42CC480;27/09/2018 17:20;*
27/10/2018;14:41:59;229;AC;1104;JORDÃO;5;1013636;6,31519E+23;F42CC480;28/09/2018 09:12;*
27/10/2018;14:41:59;229;AC;1104;JORDÃO;5;1013261;8,23438E+23;F42CC480;27/09/2018 15:18;*
27/10/2018;14:41:59;229;AC;1090;MÂNCIO LIMA;4;1107100;7,48219E+23;3614CCD8;28/09/2018 15:37;*
27/10/2018;14:41:59;229;AC;1090;MÂNCIO LIMA;4;1105654;8,5933E+23;2DC8D1AE;28/09/2018 15:19;*
27/10/2018;14:41:59;229;AC;1090;MÂNCIO LIMA;4;1105323;2,83672E+23;3614CCD8;28/09/2018 11:39;*
27/10/2018;14:41:59;229;AC;1090;MÂNCIO LIMA;4;1104105;6,27007E+23;3614CCD8;28/09/2018 11:22;*
27/10/2018;14:41:59;229;AC;1090;MÂNCIO LIMA;4;1103276;7,98724E+23;2DC8D1AE;28/09/2018 11:39;*
27/10/2018;14:41:59;229;AC;1090;MÂNCIO LIMA;4;1102624;8,39128E+23;3614CCD8;28/09/2018 15:17;*
27/10/2018;14:41:59;229;AC;1090;MÂNCIO LIMA;4;1092300;2,83672E+23;2DC8D1AE;28/09/2018 17:29;*
27/10/2018;14:41:59;229;AC;1090;MÂNCIO LIMA;4;1079007;5,86603E+23;2DC8D1AE;27/09/2018 19:24;*
27/10/2018;14:41:59;229;AC;1090;MÂNCIO LIMA;4;1070433;9,80643E+23;2DC8D1AE;28/09/2018 15:48;*
27/10/2018;14:41:59;229;AC;1090;MÂNCIO LIMA;4;1069771;2,33167E+23;2DC8D1AE;28/09/2018 11:58;*
27/10/2018;14:41:59;229;AC;1090;MÂNCIO LIMA;4;1032393;9,19936E+23;3614CCD8;27/09/2018 19:23;*
27/10/2018;14:41:59;229;AC;1090;MÂNCIO LIMA;4;1030480;8,29027E+23;2DC8D1AE;28/09/2018 15:25;*
27/10/2018;14:41:59;229;AC;1090;MÂNCIO LIMA;4;1017679;6,16906E+23;3614CCD8;28/09/2018 15:28;*
27/10/2018;14:41:59;229;AC;1090;MÂNCIO LIMA;4;1014009;1,82662E+23;2DC8D1AE;28/09/2018 15:42;*
27/10/2018;14:41:59;229;AC;1090;MÂNCIO LIMA;4;1012012;5,46299E+23;2DC8D1AE;28/09/2018 11:51;*
27/10/2018;14:41:59;229;AC;1090;MÂNCIO LIMA;4;1009072;9,19936E+23;3614CCD8;28/09/2018 11:48;*
27/10/2018;14:41:59;229;AC;1082;RODRIGUES ALVES;4;1178921;6,07505E+23;2854FC95;28/09/2018 15:25;*
27/10/2018;14:41:59;229;AC;1082;RODRIGUES ALVES;4;1156852;5,571E+23;3C0422EA;28/09/2018 15:25;*
27/10/2018;14:41:59;229;AC;1082;RODRIGUES ALVES;4;1106698;9,24531E+22;2854FC95;28/09/2018 17:29;*
27/10/2018;14:41:59;229;AC;1082;RODRIGUES ALVES;4;1106502;7,48919E+23;3C0422EA;28/09/2018 11:39;*
27/10/2018;14:41:59;229;AC;1082;RODRIGUES ALVES;4;1105409;8,09525E+23;3C0422EA;28/09/2018 11:51;*
27/10/2018;14:41:59;229;AC;1082;RODRIGUES ALVES;4;1104987;7,5902E+23;3C0422EA;28/09/2018 17:29;*
27/10/2018;14:41:59;229;AC;1082;RODRIGUES ALVES;4;1104565;8,23521E+22;3C0422EA;28/09/2018 15:47;*
27/10/2018;14:41:59;229;AC;1082;RODRIGUES ALVES;4;1104191;4,1948E+22;2854FC95;28/09/2018 11:51;*
27/10/2018;14:41:59;229;AC;1082;RODRIGUES ALVES;4;1104150;9,00535E+23;2854FC95;27/09/2018 19:23;*
27/10/2018;14:41:59;229;AC;1082;RODRIGUES ALVES;4;1103134;6,21501E+22;2854FC95;28/09/2018 11:39;*
27/10/2018;14:41:59;229;AC;1082;RODRIGUES ALVES;4;1102633;9,40939E+23;2854FC95;28/09/2018 11:22;*
27/10/2018;14:41:59;229;AC;1082;RODRIGUES ALVES;4;1101704;1,1645E+22;3C0422EA;28/09/2018 11:22;*
27/10/2018;14:41:59;229;AC;1082;RODRIGUES ALVES;4;1089279;5,16696E+23;2854FC95;28/09/2018 15:48;*
27/10/2018;14:41:59;229;AC;1082;RODRIGUES ALVES;4;1082833;2,94473E+23;2854FC95;28/09/2018 15:42;*
27/10/2018;14:41:59;229;AC;1082;RODRIGUES ALVES;4;1080327;9,71242E+23;3C0422EA;28/09/2018 15:42;*
27/10/2018;14:41:59;229;AC;1074;CRUZEIRO DO SUL;4;1512311;3,05274E+23;54457D94;28/09/2018 20:49;*
27/10/2018;14:41:59;229;AC;1074;CRUZEIRO DO SUL;4;1211425;6,18306E+23;C67F3190;27/09/2018 19:40;*
27/10/2018;14:41:59;229;AC;1074;CRUZEIRO DO SUL;4;1193845;7,09215E+23;961D5064;28/09/2018 15:41;*
27/10/2018;14:41:59;229;AC;1074;CRUZEIRO DO SUL;4;1192691;8,5073E+23;FE7FF557;28/09/2018 11:23;*
27/10/2018;14:41:59;229;AC;1074;CRUZEIRO DO SUL;4;1192318;7,19316E+23;27782C2D;27/09/2018 19:33;*
27/10/2018;14:41:59;229;AC;1074;CRUZEIRO DO SUL;4;1178758;6,89013E+23;961D5064;27/09/2018 19:59;*
27/10/2018;14:41:59;229;AC;1074;CRUZEIRO DO SUL;4;1177417;2,34567E+23;FE7FF557;28/09/2018 15:18;*
27/10/2018;14:41:59;229;AC;1074;CRUZEIRO DO SUL;4;1177180;9,5174E+23;6027700B;27/09/2018 20:25;*
27/10/2018;14:41:59;229;AC;1074;CRUZEIRO DO SUL;4;1176512;8,91134E+23;27782C2D;28/09/2018 11:51;*
27/10/2018;14:41:59;229;AC;1074;CRUZEIRO DO SUL;4;1175863;7,49619E+23;961D5064;28/09/2018 15:18;*
27/10/2018;14:41:59;229;AC;1074;CRUZEIRO DO SUL;4;1144775;4,26486E+23;C67F3190;28/09/2018 11:58;*
27/10/2018;14:41:59;229;AC;1074;CRUZEIRO DO SUL;4;1131633;8,20427E+23;27782C2D;27/09/2018 19:46;*
27/10/2018;14:41:59;229;AC;1074;CRUZEIRO DO SUL;4;1127811;6,5871E+23;961D5064;28/09/2018 11:39;*
27/10/2018;14:41:59;229;AC;1074;CRUZEIRO DO SUL;4;1107155;3,2547E+22;27782C2D;28/09/2018 17:29;*
27/10/2018;14:41:59;229;AC;1074;CRUZEIRO DO SUL;4;1106584;9,61841E+23;FE7FF557;28/09/2018 15:40;*
27/10/2018;14:41:59;229;AC;1074;CRUZEIRO DO SUL;4;1106336;3,05274E+23;961D5064;28/09/2018 11:51;*
27/10/2018;14:41:59;229;AC;1074;CRUZEIRO DO SUL;4;1105765;6,5871E+23;27782C2D;27/09/2018 19:58;*
27/10/2018;14:41:59;229;AC;1074;CRUZEIRO DO SUL;4;1105698;7,39518E+23;27782C2D;28/09/2018 11:58;*
27/10/2018;14:41:59;229;AC;1074;CRUZEIRO DO SUL;4;1105408;7,5972E+23;6027700B;27/09/2018 20:19;*
27/10/2018;14:41:59;229;AC;1074;CRUZEIRO DO SUL;4;1105384;5,98104E+23;961D5064;28/09/2018 15:48;*
27/10/2018;14:41:59;229;AC;1074;CRUZEIRO DO SUL;4;1105349;9,11336E+23;27782C2D;27/09/2018 19:26;*
27/10/2018;14:41:59;229;AC;1074;CRUZEIRO DO SUL;4;1105309;8,60831E+23;6027700B;27/09/2018 19:32;*
27/10/2018;14:41:59;229;AC;1074;CRUZEIRO DO SUL;4;1105301;9,21437E+23;C67F3190;27/09/2018 20:19;*
27/10/2018;14:41:59;229;AC;1074;CRUZEIRO DO SUL;4;1105096;1,23456E+23;C67F3190;27/09/2018 19:33;*
27/10/2018;14:41:59;229;AC;1074;CRUZEIRO DO SUL;4;1105055;5,17396E+23;6027700B;28/09/2018 15:28;*
27/10/2018;14:41:59;229;AC;1074;CRUZEIRO DO SUL;4;1104970;6,48609E+23;27782C2D;27/09/2018 20:00;*
27/10/2018;14:41:59;229;AC;1074;CRUZEIRO DO SUL;4;1104852;2,74971E+23;27782C2D;28/09/2018 15:26;*
27/10/2018;14:41:59;229;AC;1074;CRUZEIRO DO SUL;4;1104755;4,16385E+23;6027700B;28/09/2018 11:41;*
27/10/2018;14:41:59;229;AC;1074;CRUZEIRO DO SUL;4;1104605;7,49619E+23;961D5064;28/09/2018 11:58;*
27/10/2018;14:41:59;229;AC;1074;CRUZEIRO DO SUL;4;1104454;2,24466E+23;27782C2D;28/09/2018 15:48;*
27/10/2018;14:41:59;229;AC;1074;CRUZEIRO DO SUL;4;1104446;3,15375E+23;27782C2D;28/09/2018 11:39;*
27/10/2018;14:41:59;229;AC;1074;CRUZEIRO DO SUL;4;1104321;4,87092E+23;961D5064;27/09/2018 19:47;*
27/10/2018;14:41:59;229;AC;1074;CRUZEIRO DO SUL;4;1104270;8,00225E+23;FE7FF557;27/09/2018 19:58;*
27/10/2018;14:41:59;229;AC;1074;CRUZEIRO DO SUL;4;1104265;4,56789E+23;6027700B;28/09/2018 11:27;*
27/10/2018;14:41:59;229;AC;1074;CRUZEIRO DO SUL;4;1103529;9,01235E+23;C67F3190;28/09/2018 15:36;*
27/10/2018;14:41:59;229;AC;1074;CRUZEIRO DO SUL;4;1103379;2,6487E+23;FE7FF557;27/09/2018 20:18;*
27/10/2018;14:41:59;229;AC;1074;CRUZEIRO DO SUL;4;1103243;8,5073E+23;6027700B;28/09/2018 11:50;*
27/10/2018;14:41:59;229;AC;1074;CRUZEIRO DO SUL;4;1103193;6,38508E+23;C67F3190;27/09/2018 20:11;*
27/10/2018;14:41:59;229;AC;1074;CRUZEIRO DO SUL;4;1103022;3,25476E+23;27782C2D;28/09/2018 15:19;*
27/10/2018;14:41:59;229;AC;1074;CRUZEIRO DO SUL;4;1103001;8,60831E+23;FE7FF557;28/09/2018 11:41;*
27/10/2018;14:41:59;229;AC;1074;CRUZEIRO DO SUL;4;1102780;7,29511E+22;961D5064;28/09/2018 17:30;*
27/10/2018;14:41:59;229;AC;1074;CRUZEIRO DO SUL;4;1102691;4,2648E+22;27782C2D;28/09/2018 15:42;*
27/10/2018;14:41:59;229;AC;1074;CRUZEIRO DO SUL;4;1102688;6,08205E+23;FE7FF557;28/09/2018 11:48;*
27/10/2018;14:41:59;229;AC;1074;CRUZEIRO DO SUL;4;1102668;9,92144E+23;27782C2D;28/09/2018 11:23;*
27/10/2018;14:41:59;229;AC;1074;CRUZEIRO DO SUL;4;1102592;3,6588E+23;6027700B;27/09/2018 19:48;*
27/10/2018;14:41:59;229;AC;1074;CRUZEIRO DO SUL;4;1102564;3,45678E+23;C67F3190;28/09/2018 11:39;*
27/10/2018;14:41:59;229;AC;1074;CRUZEIRO DO SUL;4;1102457;1,53759E+23;C67F3190;28/09/2018 11:23;*
27/10/2018;14:41:59;229;AC;1074;CRUZEIRO DO SUL;4;1102455;1,94163E+23;6027700B;28/09/2018 17:28;*
27/10/2018;14:41:59;229;AC;1074;CRUZEIRO DO SUL;4;1102146;5,98104E+23;FE7FF557;27/09/2018 20:12;*
27/10/2018;14:41:59;229;AC;1074;CRUZEIRO DO SUL;4;1101771;5,47699E+23;961D5064;27/09/2018 20:00;*
27/10/2018;14:41:59;229;AC;1074;CRUZEIRO DO SUL;4;1101413;2,54769E+23;C67F3190;27/09/2018 20:25;*
27/10/2018;14:41:59;229;AC;1074;CRUZEIRO DO SUL;4;1101225;9,61841E+23;961D5064;28/09/2018 15:26;*
27/10/2018;14:41:59;229;AC;1074;CRUZEIRO DO SUL;4;1100168;3,75981E+23;FE7FF557;27/09/2018 19:27;*
27/10/2018;14:41:59;229;AC;1074;CRUZEIRO DO SUL;4;1097688;2,6487E+23;6027700B;27/09/2018 19:53;*
27/10/2018;14:41:59;229;AC;1074;CRUZEIRO DO SUL;4;1095744;6,48609E+23;C67F3190;27/09/2018 19:26;*
27/10/2018;14:41:59;229;AC;1074;CRUZEIRO DO SUL;4;1082768;8,00225E+23;6027700B;28/09/2018 15:17;*
27/10/2018;14:41:59;229;AC;1074;CRUZEIRO DO SUL;4;1079573;3,05274E+23;27782C2D;27/09/2018 20:25;*
27/10/2018;14:41:59;229;AC;1074;CRUZEIRO DO SUL;4;1079474;2,2446E+22;27782C2D;27/09/2018 20:11;*
27/10/2018;14:41:59;229;AC;1074;CRUZEIRO DO SUL;4;1079371;2,54769E+23;961D5064;27/09/2018 20:13;*
27/10/2018;14:41:59;229;AC;1074;CRUZEIRO DO SUL;4;1076416;6,28407E+23;6027700B;28/09/2018 15:36;*
27/10/2018;14:41:59;229;AC;1074;CRUZEIRO DO SUL;4;1072398;1,03254E+23;961D5064;28/09/2018 11:23;*
27/10/2018;14:41:59;229;AC;1074;CRUZEIRO DO SUL;4;1070670;1,6386E+23;FE7FF557;28/09/2018 15:27;*
27/10/2018;14:41:59;229;AC;1074;CRUZEIRO DO SUL;4;1069460;7,90124E+23;6027700B;27/09/2018 20:11;*
27/10/2018;14:41:59;229;AC;1074;CRUZEIRO DO SUL;4;1067574;6,78912E+23;FE7FF557;27/09/2018 19:46;*
27/10/2018;14:41:59;229;AC;1074;CRUZEIRO DO SUL;4;1059547;4,2648E+22;961D5064;27/09/2018 19:40;*
27/10/2018;14:41:59;229;AC;1074;CRUZEIRO DO SUL;4;1043771;1,03254E+23;6027700B;27/09/2018 20:00;*
27/10/2018;14:41:59;229;AC;1074;CRUZEIRO DO SUL;4;1034486;1,73961E+23;27782C2D;27/09/2018 20:20;*
27/10/2018;14:41:59;229;AC;1074;CRUZEIRO DO SUL;4;1034089;4,46688E+23;6027700B;27/09/2018 19:40;*
27/10/2018;14:41:59;229;AC;1074;CRUZEIRO DO SUL;4;1033832;5,27491E+22;FE7FF557;27/09/2018 20:00;*
27/10/2018;14:41:59;229;AC;1074;CRUZEIRO DO SUL;4;1033703;1,03254E+23;961D5064;28/09/2018 13:25;*
27/10/2018;14:41:59;229;AC;1074;CRUZEIRO DO SUL;4;1031882;3,75981E+23;C67F3190;27/09/2018 19:57;*
27/10/2018;14:41:59;229;AC;1074;CRUZEIRO DO SUL;4;1031141;2,6487E+23;961D5064;27/09/2018 19:26;*
27/10/2018;14:41:59;229;AC;1074;CRUZEIRO DO SUL;4;1030983;6,48609E+23;27782C2D;27/09/2018 19:41;*
27/10/2018;14:41:59;229;AC;1074;CRUZEIRO DO SUL;4;1028355;1,2345E+22;C67F3190;28/09/2018 15:23;*
27/10/2018;14:41:59;229;AC;1074;CRUZEIRO DO SUL;4;1024608;3,15375E+23;961D5064;27/09/2018 20:18;*
27/10/2018;14:41:59;229;AC;1074;CRUZEIRO DO SUL;4;1014605;8,81033E+23;C67F3190;27/09/2018 20:05;*
27/10/2018;14:41:59;229;AC;1074;CRUZEIRO DO SUL;4;1014421;4,16385E+23;C67F3190;27/09/2018 19:47;*
27/10/2018;14:41:59;229;AC;1074;CRUZEIRO DO SUL;4;1013332;2,244E+21;6027700B;27/09/2018 19:58;*
27/10/2018;14:41:59;229;AC;1066;PORTO WALTER;4;1210809;2,6557E+23;A2527D82;28/09/2018 15:40;*
27/10/2018;14:41:59;229;AC;1066;PORTO WALTER;4;1192597;3,46378E+23;A2527D82;28/09/2018 11:47;*
27/10/2018;14:41:59;229;AC;1066;PORTO WALTER;4;1175454;9,42339E+23;A2527D82;28/09/2018 15:48;*
27/10/2018;14:41:59;229;AC;1066;PORTO WALTER;4;1105192;9,38531E+22;A2527D82;28/09/2018 11:29;*
27/10/2018;14:41:59;229;AC;1066;PORTO WALTER;4;1103421;9,22137E+23;A2527D82;28/09/2018 15:26;*
27/10/2018;14:41:59;229;AC;1066;PORTO WALTER;4;1101159;5,98804E+23;A2527D82;28/09/2018 15:18;*
27/10/2018;14:41:59;229;AC;1066;PORTO WALTER;4;1071694;6,79612E+23;A2527D82;28/09/2018 11:42;*
27/10/2018;14:41:59;229;AC;1066;PORTO WALTER;4;1029971;6,69511E+23;A2527D82;27/09/2018 19:20;*
27/10/2018;14:41:59;229;AC;1058;BRASILÉIA;6;1210287;3,57101E+23;49C9566F;27/09/2018 10:45;*
27/10/2018;14:41:59;229;AC;1058;BRASILÉIA;6;1196307;5,49021E+23;F02F9C58;27/09/2018 11:49;*
27/10/2018;14:41:59;229;AC;1058;BRASILÉIA;6;1177081;4,88414E+23;49C9566F;27/09/2018 09:46;*
27/10/2018;14:41:59;229;AC;1058;BRASILÉIA;6;1138687;9,43061E+23;F02F9C58;27/09/2018 10:37;*
27/10/2018;14:41:59;229;AC;1058;BRASILÉIA;6;1107096;3,87404E+23;98311815;27/09/2018 10:58;*
27/10/2018;14:41:59;229;AC;1058;BRASILÉIA;6;1105344;7,51142E+23;98311815;27/09/2018 09:49;*
27/10/2018;14:41:59;229;AC;1058;BRASILÉIA;6;1105078;8,52152E+23;F02F9C58;27/09/2018 10:44;*
27/10/2018;14:41:59;229;AC;1058;BRASILÉIA;6;1105060;9,93566E+23;F02F9C58;27/09/2018 09:51;*
27/10/2018;14:41:59;229;AC;1058;BRASILÉIA;6;1104857;5,89425E+23;98311815;27/09/2018 10:37;*
27/10/2018;14:41:59;229;AC;1058;BRASILÉIA;6;1104701;7,00637E+23;F02F9C58;27/09/2018 10:52;*
27/10/2018;14:41:59;229;AC;1058;BRASILÉIA;6;1103159;3,97505E+23;98311815;27/09/2018 10:52;*
27/10/2018;14:41:59;229;AC;1058;BRASILÉIA;6;1102314;3,87404E+23;98311815;27/09/2018 09:40;*
27/10/2018;14:41:59;229;AC;1058;BRASILÉIA;6;1101506;6,80435E+23;98311815;27/09/2018 10:45;*
27/10/2018;14:41:59;229;AC;1058;BRASILÉIA;6;1101396;7,3094E+23;49C9566F;27/09/2018 11:38;*
27/10/2018;14:41:59;229;AC;1058;BRASILÉIA;6;1099813;4,4801E+23;F02F9C58;27/09/2018 11:28;*
27/10/2018;14:41:59;229;AC;1058;BRASILÉIA;6;1078201;8,72354E+23;49C9566F;27/09/2018 11:28;*
27/10/2018;14:41:59;229;AC;1058;BRASILÉIA;6;1077843;2,66292E+23;98311815;27/09/2018 11:28;*
27/10/2018;14:41:59;229;AC;1058;BRASILÉIA;6;1077151;4,37909E+23;98311815;27/09/2018 11:50;*
27/10/2018;14:41:59;229;AC;1058;BRASILÉIA;6;1064703;5,59122E+23;F02F9C58;27/09/2018 11:38;*
27/10/2018;14:41:59;229;AC;1058;BRASILÉIA;6;1033091;3,57101E+23;49C9566F;27/09/2018 10:52;*
27/10/2018;14:41:59;229;AC;1058;BRASILÉIA;6;1014991;3,36999E+23;49C9566F;27/09/2018 10:37;*
27/10/2018;14:41:59;229;AC;1058;BRASILÉIA;6;1013920;5,79324E+23;49C9566F;27/09/2018 11:49;*
27/10/2018;14:41:59;229;AC;1040;MARECHAL THAUMATURGO;4;1195365;8,74032E+23;CD01FCDC;28/09/2018 11:40;*
27/10/2018;14:41:59;229;AC;1040;MARECHAL THAUMATURGO;4;1193535;2,27566E+23;E8D5FE5F;27/09/2018 19:22;*
27/10/2018;14:41:59;229;AC;1040;MARECHAL THAUMATURGO;4;1104499;9,62531E+22;E8D5FE5F;28/09/2018 15:27;*
27/10/2018;14:41:59;229;AC;1040;MARECHAL THAUMATURGO;4;1104200;3,38677E+23;CD01FCDC;28/09/2018 15:39;*
27/10/2018;14:41:59;229;AC;1040;MARECHAL THAUMATURGO;4;1101433;5,509E+23;E8D5FE5F;28/09/2018 11:48;*
27/10/2018;14:41:59;229;AC;1040;MARECHAL THAUMATURGO;4;1100920;4,39687E+23;E8D5FE5F;28/09/2018 15:17;*
27/10/2018;14:41:59;229;AC;1040;MARECHAL THAUMATURGO;4;1075953;8,5383E+23;E8D5FE5F;28/09/2018 11:40;*
27/10/2018;14:41:59;229;AC;1040;MARECHAL THAUMATURGO;4;1034826;3,08374E+23;CD01FCDC;28/09/2018 11:22;*
27/10/2018;14:41:59;229;AC;1040;MARECHAL THAUMATURGO;4;1030630;4,39687E+23;CD01FCDC;28/09/2018 15:18;*
27/10/2018;14:41:59;229;AC;1040;MARECHAL THAUMATURGO;4;1008094;7,62921E+23;CD01FCDC;28/09/2018 11:48;*
27/10/2018;14:41:59;229;AC;1040;MARECHAL THAUMATURGO;4;1004094;4,09384E+23;CD01FCDC;28/09/2018 15:27;*
27/10/2018;14:41:59;229;AC;1031;SANTA ROSA DO PURUS;3;1104851;4,49577E+23;B547B8A7;26/09/2018 17:15;*
27/10/2018;14:41:59;229;AC;1031;SANTA ROSA DO PURUS;3;1104846;4,49577E+23;B547B8A7;26/09/2018 18:13;*
27/10/2018;14:41:59;229;AC;1031;SANTA ROSA DO PURUS;3;1096714;6,01194E+23;B547B8A7;26/09/2018 17:50;*
27/10/2018;14:41:59;229;AC;1031;SANTA ROSA DO PURUS;3;1080258;6,618E+23;B547B8A7;26/09/2018 17:10;*
27/10/2018;14:41:59;229;AC;1031;SANTA ROSA DO PURUS;3;1075872;9,44528E+23;B547B8A7;26/09/2018 18:08;*
27/10/2018;14:41:59;229;AC;1031;SANTA ROSA DO PURUS;3;1034812;1,97052E+23;B547B8A7;26/09/2018 17:29;*
27/10/2018;14:41:59;229;AC;1031;SANTA ROSA DO PURUS;3;1034810;1,86951E+23;B547B8A7;26/09/2018 17:21;*
27/10/2018;14:41:59;229;AC;1031;SANTA ROSA DO PURUS;3;1023727;8,59411E+22;B547B8A7;26/09/2018 17:58;*
27/10/2018;14:41:59;229;AC;1031;SANTA ROSA DO PURUS;3;1000147;5,00184E+23;B547B8A7;26/09/2018 17:37;*
27/10/2018;14:41:59;229;AC;1023;PORTO ACRE;1;1763536;9,75509E+23;B3CC483C;28/09/2018 14:20;*
27/10/2018;14:41:59;229;AC;1023;PORTO ACRE;1;1763376;5,61468E+23;E8AEB3F4;28/09/2018 15:21;*
27/10/2018;14:41:59;229;AC;1023;PORTO ACRE;1;1763366;7,02882E+23;B3CC483C;28/09/2018 15:25;*
27/10/2018;14:41:59;229;AC;1023;PORTO ACRE;1;1763093;9,67201E+22;B3CC483C;28/09/2018 14:42;*
27/10/2018;14:41:59;229;AC;1023;PORTO ACRE;1;1762931;6,11973E+23;E8AEB3F4;28/09/2018 14:37;*
27/10/2018;14:41:59;229;AC;1023;PORTO ACRE;1;1762901;9,04802E+23;B3CC483C;28/09/2018 14:14;*
27/10/2018;14:41:59;229;AC;1023;PORTO ACRE;1;1761827;6,72579E+23;B3CC483C;28/09/2018 14:27;*
27/10/2018;14:41:59;229;AC;1023;PORTO ACRE;1;1761812;3,59346E+23;B3CC483C;28/09/2018 15:30;*
27/10/2018;14:41:59;229;AC;1023;PORTO ACRE;1;1761546;6,11973E+23;E8AEB3F4;28/09/2018 14:20;*
27/10/2018;14:41:59;229;AC;1023;PORTO ACRE;1;1761363;5,31165E+23;E8AEB3F4;28/09/2018 14:42;*
27/10/2018;14:41:59;229;AC;1023;PORTO ACRE;1;1760733;8,64498E+23;E8AEB3F4;28/09/2018 14:26;*
27/10/2018;14:41:59;229;AC;1023;PORTO ACRE;1;1758343;5,10963E+23;B3CC483C;28/09/2018 14:37;*
27/10/2018;14:41:59;229;AC;1023;PORTO ACRE;1;1758280;5,81101E+21;E8AEB3F4;28/09/2018 15:29;*
27/10/2018;14:41:59;229;AC;1023;PORTO ACRE;1;1758086;5,71569E+23;E8AEB3F4;28/09/2018 14:32;*
27/10/2018;14:41:59;229;AC;1023;PORTO ACRE;1;1757692;4,30154E+23;B3CC483C;28/09/2018 15:19;*
27/10/2018;14:41:59;229;AC;1023;PORTO ACRE;1;1757549;8,24094E+23;E8AEB3F4;28/09/2018 14:14;*
27/10/2018;14:41:59;229;AC;1023;PORTO ACRE;1;1752293;5,41266E+23;B3CC483C;28/09/2018 14:32;*
27/10/2018;14:41:59;229;AC;1015;CAPIXABA;2;1192913;1,27734E+23;12EBE806;28/09/2018 14:02;*
27/10/2018;14:41:59;229;AC;1015;CAPIXABA;2;1178232;9,45917E+23;12EBE806;28/09/2018 13:45;*
27/10/2018;14:41:59;229;AC;1015;CAPIXABA;2;1106557;7,33896E+23;12EBE806;28/09/2018 12:25;*
27/10/2018;14:41:59;229;AC;1015;CAPIXABA;2;1105218;7,43997E+23;12EBE806;28/09/2018 11:58;*
27/10/2018;14:41:59;229;AC;1015;CAPIXABA;2;1105008;3,70259E+23;12EBE806;28/09/2018 13:55;*
27/10/2018;14:41:59;229;AC;1015;CAPIXABA;2;1104724;7,13694E+23;12EBE806;28/09/2018 14:34;*
27/10/2018;14:41:59;229;AC;1015;CAPIXABA;2;1075780;7,743E+23;12EBE806;28/09/2018 11:41;*
27/10/2018;14:41:59;229;AC;1015;CAPIXABA;2;1072261;4,51067E+23;12EBE806;28/09/2018 12:43;*
27/10/2018;14:41:59;229;AC;1015;CAPIXABA;2;1034262;3,90461E+23;12EBE806;28/09/2018 12:07;*
27/10/2018;14:41:59;229;AC;1015;CAPIXABA;2;1032401;5,31876E+23;12EBE806;28/09/2018 11:48;*
27/10/2018;14:41:59;229;AC;1015;CAPIXABA;2;1014148;9,7622E+23;12EBE806;28/09/2018 11:51;*
27/10/2018;14:41:59;229;AC;1007;BUJARI;9;1848240;6,23462E+23;1D9EE409;29/09/2018 15:55;*
27/10/2018;14:41:59;229;AC;1007;BUJARI;9;1763570;5,52755E+23;1D9EE409;29/09/2018 16:02;*
27/10/2018;14:41:59;229;AC;1007;BUJARI;9;1763041;6,43664E+23;632C5110;29/09/2018 16:11;*
27/10/2018;14:41:59;229;AC;1007;BUJARI;9;1762834;9,97199E+23;632C5110;29/09/2018 16:29;*
27/10/2018;14:41:59;229;AC;1007;BUJARI;9;1762618;7,14371E+23;1D9EE409;29/09/2018 16:36;*
27/10/2018;14:41:59;229;AC;1007;BUJARI;9;1761770;7,54775E+23;1D9EE409;29/09/2018 16:17;*
27/10/2018;14:41:59;229;AC;1007;BUJARI;9;1761523;5,12351E+23;1D9EE409;29/09/2018 16:11;*
27/10/2018;14:41:59;229;AC;1007;BUJARI;9;1761160;2,59724E+23;632C5110;29/09/2018 16:05;*
27/10/2018;14:41:59;229;AC;1007;BUJARI;9;1758907;7,95179E+23;1D9EE409;29/09/2018 15:39;*
27/10/2018;14:41:59;229;AC;1007;BUJARI;9;1758330;3,60835E+23;1D9EE409;29/09/2018 16:24;*
27/10/2018;14:41:59;229;AC;1007;BUJARI;9;1758214;6,0326E+23;632C5110;29/09/2018 16:18;*
27/10/2018;14:41:59;229;AC;1007;BUJARI;9;1758184;4,31542E+23;632C5110;29/09/2018 16:35;*
27/10/2018;14:41:59;229;AC;1007;BUJARI;9;1758078;1,28411E+23;632C5110;29/09/2018 16:23;*
27/10/2018;14:41:59;229;AC;1007;BUJARI;9;1757800;9,81081E+22;1D9EE409;29/09/2018 16:30;*
27/10/2018;14:41:59;229;AC;1007;BUJARI;9;1757060;4,61845E+23;1D9EE409;29/09/2018 15:50;*
